,Reading Timestamp,Ambient Temp,Ground Temp,Humidity,Wind Speed,Rainfall,Total Temps
0,06/10/2019 02:14,17.61,12.63,57.52,4.45,0.0,30.240000000000002
1,06/10/2019 02:12,17.6,12.63,57.66,3.1,0.0,30.230000000000004
2,06/10/2019 02:10,17.58,12.63,57.64,4.89,0.0,30.21
3,06/10/2019 02:08,17.61,12.63,57.55,3.47,0.0,30.240000000000002
4,06/10/2019 02:06,17.59,12.63,57.49,5.17,0.0,30.22
5,06/10/2019 02:04,17.58,12.63,57.58,3.91,0.0,30.21
6,06/10/2019 02:02,17.56,12.63,57.51,4.55,0.0,30.189999999999998
7,06/10/2019 02:00,17.54,12.63,57.73,4.13,0.0,30.17
8,06/10/2019 01:58,17.53,12.63,57.36,4.65,0.0,30.160000000000004
9,06/10/2019 01:56,17.53,12.56,57.73,3.72,0.0,30.090000000000003
10,06/10/2019 01:54,17.5,12.56,57.63,4.51,0.0,30.060000000000002
11,06/10/2019 01:52,17.49,12.56,57.72,3.97,0.0,30.049999999999997
12,06/10/2019 01:50,17.45,12.56,57.59,5.37,0.0,30.009999999999998
13,06/10/2019 01:48,17.45,12.56,57.84,5.89,0.0,30.009999999999998
14,06/10/2019 01:46,17.45,12.56,57.74,5.35,0.0,30.009999999999998
15,06/10/2019 01:44,17.44,12.56,57.86,4.81,0.0,30.0
16,06/10/2019 01:42,17.4,12.56,57.72,5.84,0.0,29.96
17,06/10/2019 01:40,17.4,12.56,57.85,5.77,0.0,29.96
18,06/10/2019 01:38,17.41,12.56,57.98,4.05,0.0,29.97
19,06/10/2019 01:36,17.37,12.56,57.97,5.7,0.0,29.93
20,06/10/2019 01:34,17.39,12.56,57.78,5.7,0.0,29.950000000000003
21,06/10/2019 01:32,17.39,12.56,57.83,3.91,0.0,29.950000000000003
22,06/10/2019 01:30,17.4,12.56,57.98,4.97,0.0,29.96
23,06/10/2019 01:28,17.38,12.56,57.88,4.43,0.0,29.939999999999998
24,06/10/2019 01:26,17.34,12.56,58.01,4.71,0.0,29.9
25,06/10/2019 01:24,17.32,12.5,58.12,4.45,0.0,29.82
26,06/10/2019 01:22,17.31,12.56,58.03,5.78,0.0,29.869999999999997
27,06/10/2019 01:20,17.35,12.5,57.75,4.41,0.0,29.85
28,06/10/2019 01:18,17.37,12.56,57.86,3.42,0.0,29.93
29,06/10/2019 01:16,17.35,12.5,57.86,4.55,0.0,29.85
30,06/10/2019 01:14,17.37,12.56,57.97,3.27,0.0,29.93
31,06/10/2019 01:12,17.38,12.5,57.81,3.75,0.0,29.88
32,06/10/2019 01:10,17.37,12.5,57.64,4.81,0.0,29.87
33,06/10/2019 01:08,17.41,12.56,57.55,4.65,0.0,29.97
34,06/10/2019 01:06,17.4,12.5,57.46,4.67,0.0,29.9
35,06/10/2019 01:04,17.44,12.5,57.63,3.92,0.0,29.94
36,06/10/2019 01:02,17.47,12.56,57.56,2.74,0.0,30.03
37,06/10/2019 01:00,17.46,12.5,57.32,4.09,0.0,29.96
38,06/10/2019 00:58,17.46,12.5,57.46,3.52,0.0,29.96
39,06/10/2019 00:56,17.46,12.5,57.36,3.5,0.0,29.96
40,06/10/2019 00:54,17.47,12.5,57.45,3.17,0.0,29.97
41,06/10/2019 00:52,17.46,12.5,57.37,4.13,0.0,29.96
42,06/10/2019 00:50,17.46,12.5,57.38,2.17,0.0,29.96
43,06/10/2019 00:48,17.45,12.5,57.68,2.36,0.0,29.95
44,06/10/2019 00:46,17.41,12.56,57.42,3.85,0.0,29.97
45,06/10/2019 00:44,17.45,12.56,57.67,2.66,0.0,30.009999999999998
46,06/10/2019 00:42,17.44,12.56,57.88,1.84,0.0,30.0
47,06/10/2019 00:40,17.44,12.5,57.83,1.98,0.0,29.94
48,06/10/2019 00:38,17.4,12.5,57.6,3.16,0.0,29.9
49,06/10/2019 00:36,17.4,12.5,57.81,2.62,0.0,29.9
50,06/10/2019 00:34,17.38,12.5,57.81,2.66,0.0,29.88
51,06/10/2019 00:32,17.36,12.5,58.17,2.09,0.0,29.86
52,06/10/2019 00:30,17.33,12.5,58.6,1.58,0.0,29.83
53,06/10/2019 00:28,17.28,12.5,58.66,1.78,0.0,29.78
54,06/10/2019 00:26,17.23,12.5,58.9,1.2,0.0,29.73
55,06/10/2019 00:24,17.17,12.5,58.92,2.8,0.0,29.67
56,06/10/2019 00:22,17.15,12.5,59.01,3.5,0.0,29.65
57,06/10/2019 00:20,17.09,12.5,59.14,3.57,0.0,29.59
58,06/10/2019 00:18,17.03,12.5,59.33,5.21,0.0,29.53
59,06/10/2019 00:16,17.05,12.5,59.49,4.94,0.0,29.55
60,06/10/2019 00:14,17.02,12.56,59.34,5.74,0.0,29.58
61,06/10/2019 00:12,17.06,12.5,59.53,4.99,0.0,29.56
62,06/10/2019 00:10,17.07,12.5,59.48,4.71,0.0,29.57
63,06/10/2019 00:08,17.07,12.5,59.33,5.52,0.0,29.57
64,06/10/2019 00:06,17.11,12.5,59.18,5.64,0.0,29.61
65,06/10/2019 00:04,17.15,12.5,59.26,4.69,0.0,29.65
66,06/10/2019 00:02,17.16,12.5,59.08,3.46,0.0,29.66
67,06/10/2019 00:00,17.13,12.5,59.22,4.65,0.0,29.63
68,05/10/2019 23:58,17.11,12.56,59.05,5.13,0.0,29.67
69,05/10/2019 23:56,17.14,12.56,59.01,4.45,0.0,29.700000000000003
70,05/10/2019 23:54,17.15,12.5,59.04,3.49,0.0,29.65
71,05/10/2019 23:52,17.14,12.5,58.97,4.39,0.0,29.64
72,05/10/2019 23:50,17.15,12.56,58.95,3.61,0.0,29.71
73,05/10/2019 23:48,17.13,12.5,58.87,3.33,0.0,29.63
74,05/10/2019 23:46,17.09,12.56,58.86,4.69,0.0,29.65
75,05/10/2019 23:44,17.15,12.56,58.69,3.77,0.0,29.71
76,05/10/2019 23:42,17.11,12.56,58.74,3.65,0.0,29.67
77,05/10/2019 23:40,17.14,12.56,58.73,3.8,0.0,29.700000000000003
78,05/10/2019 23:38,17.1,12.56,58.63,4.69,0.0,29.660000000000004
79,05/10/2019 23:36,17.14,12.56,58.66,4.17,0.0,29.700000000000003
80,05/10/2019 23:34,17.19,12.56,58.4,4.93,0.0,29.75
81,05/10/2019 23:32,17.23,12.56,58.16,4.69,0.0,29.79
82,05/10/2019 23:30,17.24,12.56,58.13,3.6,0.0,29.799999999999997
83,05/10/2019 23:28,17.29,12.56,58.22,2.86,0.0,29.85
84,05/10/2019 23:26,17.26,12.56,57.86,4.32,0.0,29.82
85,05/10/2019 23:24,17.29,12.56,58.18,2.2,0.0,29.85
86,05/10/2019 23:22,17.28,12.56,58.44,2.07,0.0,29.840000000000003
87,05/10/2019 23:20,17.28,12.56,58.35,2.08,0.0,29.840000000000003
88,05/10/2019 23:18,17.25,12.56,58.47,2.51,0.0,29.810000000000002
89,05/10/2019 23:16,17.24,12.63,58.79,1.56,0.0,29.869999999999997
90,05/10/2019 23:14,17.21,12.56,58.85,1.42,0.0,29.770000000000003
91,05/10/2019 23:12,17.2,12.63,58.9,1.35,0.0,29.83
92,05/10/2019 23:10,17.17,12.63,58.92,2.43,0.0,29.800000000000004
93,05/10/2019 23:08,17.15,12.63,59.07,1.24,0.0,29.78
94,05/10/2019 23:06,17.13,12.63,59.1,2.36,0.0,29.759999999999998
95,05/10/2019 23:04,17.08,12.63,58.8,1.85,0.0,29.71
96,05/10/2019 23:02,17.08,12.63,59.27,2.8,0.0,29.71
97,05/10/2019 23:00,17.06,12.63,59.31,3.66,0.0,29.689999999999998
98,05/10/2019 22:58,17.05,12.63,59.48,3.49,0.0,29.68
99,05/10/2019 22:56,17.04,12.63,59.42,3.17,0.0,29.67
100,05/10/2019 22:54,17.05,12.63,59.28,3.99,0.0,29.68
101,05/10/2019 22:52,17.03,12.63,59.29,3.52,0.0,29.660000000000004
102,05/10/2019 22:50,17.04,12.69,59.33,3.77,0.0,29.729999999999997
103,05/10/2019 22:48,17.02,12.69,59.36,4.69,0.0,29.71
104,05/10/2019 22:46,17.03,12.69,59.4,3.6,0.0,29.72
105,05/10/2019 22:44,17.05,12.63,59.24,4.03,0.0,29.68
106,05/10/2019 22:42,17.05,12.69,59.32,3.09,0.0,29.740000000000002
107,05/10/2019 22:40,17.01,12.69,59.32,4.59,0.0,29.700000000000003
108,05/10/2019 22:38,17.01,12.69,59.31,4.27,0.0,29.700000000000003
109,05/10/2019 22:36,17.01,12.69,59.63,4.71,0.0,29.700000000000003
110,05/10/2019 22:34,17.0,12.69,59.65,4.45,0.28,29.689999999999998
111,05/10/2019 22:32,16.98,12.69,59.71,4.67,0.0,29.67
112,05/10/2019 22:30,16.96,12.69,59.65,5.55,0.0,29.65
113,05/10/2019 22:28,16.94,12.69,59.63,4.99,0.0,29.630000000000003
114,05/10/2019 22:26,16.99,12.69,59.76,3.52,0.28,29.68
115,05/10/2019 22:24,16.91,12.69,59.6,5.35,0.0,29.6
116,05/10/2019 22:22,16.94,12.75,59.71,4.47,0.0,29.69
117,05/10/2019 22:20,16.93,12.75,59.85,4.97,0.0,29.68
118,05/10/2019 22:18,16.94,12.75,59.77,6.68,0.0,29.69
119,05/10/2019 22:16,17.04,12.75,59.53,5.48,0.0,29.79
120,05/10/2019 22:14,17.03,12.75,59.49,6.57,0.0,29.78
121,05/10/2019 22:12,17.11,12.75,59.2,7.04,0.28,29.86
122,05/10/2019 22:10,17.21,12.75,59.25,3.27,0.0,29.96
123,05/10/2019 22:08,17.2,12.75,59.21,4.59,0.0,29.95
124,05/10/2019 22:06,17.22,12.75,59.24,4.12,0.28,29.97
125,05/10/2019 22:04,17.23,12.81,59.13,4.46,0.0,30.04
126,05/10/2019 22:02,17.24,12.75,59.03,4.45,0.0,29.99
127,05/10/2019 22:00,17.25,12.81,58.91,4.15,0.0,30.060000000000002
128,05/10/2019 21:58,17.28,12.81,58.71,5.26,0.28,30.090000000000003
129,05/10/2019 21:56,17.3,12.81,58.95,3.76,0.0,30.11
130,05/10/2019 21:54,17.31,12.81,58.8,3.49,0.0,30.119999999999997
131,05/10/2019 21:52,17.31,12.81,58.91,4.1,0.0,30.119999999999997
132,05/10/2019 21:50,17.33,12.81,58.58,4.14,0.0,30.14
133,05/10/2019 21:48,17.35,12.81,58.69,3.99,0.28,30.160000000000004
134,05/10/2019 21:46,17.36,12.81,58.45,3.31,0.0,30.17
135,05/10/2019 21:44,17.36,12.88,58.55,3.53,0.0,30.240000000000002
136,05/10/2019 21:42,17.36,12.81,58.54,4.11,0.0,30.17
137,05/10/2019 21:40,17.34,12.81,58.44,4.75,0.28,30.15
138,05/10/2019 21:38,17.37,12.88,58.39,4.69,0.0,30.25
139,05/10/2019 21:36,17.39,12.88,58.17,4.59,0.0,30.270000000000003
140,05/10/2019 21:34,17.39,12.88,58.28,3.43,0.0,30.270000000000003
141,05/10/2019 21:32,17.4,12.88,58.35,3.58,0.28,30.28
142,05/10/2019 21:30,17.43,12.88,58.28,2.83,0.0,30.310000000000002
143,05/10/2019 21:28,17.39,12.88,58.17,5.07,0.0,30.270000000000003
144,05/10/2019 21:26,17.41,12.94,58.03,4.92,0.28,30.35
145,05/10/2019 21:24,17.45,12.94,58.03,4.77,0.0,30.39
146,05/10/2019 21:22,17.48,12.94,57.81,4.85,0.0,30.42
147,05/10/2019 21:20,17.49,12.94,57.65,4.87,0.0,30.43
148,05/10/2019 21:18,17.51,12.94,57.55,3.69,0.0,30.450000000000003
149,05/10/2019 21:16,17.54,12.94,57.62,2.61,0.0,30.479999999999997
150,05/10/2019 21:14,17.51,12.94,57.47,3.21,0.28,30.450000000000003
151,05/10/2019 21:12,17.53,13.0,57.42,3.52,0.0,30.53
152,05/10/2019 21:10,17.52,12.94,57.36,3.76,0.0,30.46
153,05/10/2019 21:08,17.53,13.0,57.45,3.14,0.0,30.53
154,05/10/2019 21:06,17.53,13.0,57.17,4.1,0.28,30.53
155,05/10/2019 21:04,17.53,13.0,57.15,4.19,0.0,30.53
156,05/10/2019 21:02,17.54,13.0,57.05,3.35,0.0,30.54
157,05/10/2019 21:00,17.53,13.06,57.11,3.87,0.0,30.590000000000003
158,05/10/2019 20:58,17.52,13.0,57.0,4.05,0.0,30.52
159,05/10/2019 20:56,17.52,13.06,57.18,4.1,0.0,30.58
160,05/10/2019 20:54,17.54,13.06,57.01,4.82,0.0,30.6
161,05/10/2019 20:52,17.54,13.06,56.96,3.66,0.0,30.6
162,05/10/2019 20:50,17.55,13.06,56.98,3.85,0.0,30.61
163,05/10/2019 20:48,17.54,13.06,56.87,5.53,0.28,30.6
164,05/10/2019 20:46,17.56,13.06,56.81,5.04,0.0,30.619999999999997
165,05/10/2019 20:44,17.61,13.06,56.5,5.71,0.0,30.67
166,05/10/2019 20:42,17.63,13.13,56.38,5.48,0.0,30.759999999999998
167,05/10/2019 20:40,17.68,13.13,56.18,4.12,0.0,30.810000000000002
168,05/10/2019 20:38,17.7,13.13,56.3,3.79,0.0,30.83
169,05/10/2019 20:36,17.68,13.13,56.1,4.75,0.0,30.810000000000002
170,05/10/2019 20:34,17.69,13.19,56.12,4.81,0.28,30.880000000000003
171,05/10/2019 20:32,17.69,13.19,55.89,4.36,0.0,30.880000000000003
172,05/10/2019 20:30,17.72,13.19,56.04,5.7,0.0,30.909999999999997
173,05/10/2019 20:28,17.76,13.19,55.64,4.87,0.0,30.950000000000003
174,05/10/2019 20:26,17.79,13.19,55.4,6.05,0.0,30.979999999999997
175,05/10/2019 20:24,17.87,13.19,55.21,6.08,0.0,31.060000000000002
176,05/10/2019 20:22,17.92,13.19,54.73,5.97,0.0,31.11
177,05/10/2019 20:20,17.98,13.19,54.73,4.7,0.0,31.17
178,05/10/2019 20:18,18.04,13.19,54.43,5.1,0.0,31.229999999999997
179,05/10/2019 20:16,18.08,13.19,54.21,5.25,0.0,31.269999999999996
180,05/10/2019 20:14,18.13,13.25,53.79,6.2,0.0,31.38
181,05/10/2019 20:12,18.21,13.25,53.55,5.54,0.0,31.46
182,05/10/2019 20:10,18.28,13.19,53.06,5.25,0.0,31.47
183,05/10/2019 20:08,18.36,13.19,52.61,6.07,0.0,31.549999999999997
184,05/10/2019 20:06,18.46,13.19,52.22,3.8,0.0,31.65
185,05/10/2019 20:04,18.49,13.25,51.91,4.15,0.0,31.74
186,05/10/2019 20:02,18.49,13.25,51.56,5.11,0.0,31.74
187,05/10/2019 20:00,18.5,13.25,51.51,4.33,0.0,31.75
188,05/10/2019 19:58,18.49,13.25,51.31,3.53,0.0,31.74
189,05/10/2019 19:56,18.44,13.25,51.44,4.41,0.0,31.69
190,05/10/2019 19:54,18.46,13.25,51.36,5.15,0.0,31.71
191,05/10/2019 19:52,18.44,13.25,51.42,5.19,0.0,31.69
192,05/10/2019 19:50,18.47,13.25,51.45,4.73,0.0,31.72
193,05/10/2019 19:48,18.5,13.25,51.35,4.07,0.0,31.75
194,05/10/2019 19:46,18.51,13.25,51.36,3.65,0.0,31.76
195,05/10/2019 19:44,18.5,13.25,51.37,3.87,0.0,31.75
196,05/10/2019 19:42,18.49,13.25,51.35,5.84,0.0,31.74
197,05/10/2019 19:40,18.52,13.25,51.25,4.79,0.0,31.77
198,05/10/2019 19:38,18.55,13.25,51.25,5.15,0.0,31.8
199,05/10/2019 19:36,18.62,13.25,51.16,5.35,0.0,31.87
200,05/10/2019 19:34,18.69,13.19,50.87,5.47,0.0,31.880000000000003
201,05/10/2019 19:32,18.77,13.25,51.02,4.93,0.0,32.019999999999996
202,05/10/2019 19:30,18.8,13.19,50.69,5.23,0.0,31.990000000000002
203,05/10/2019 19:28,18.84,13.25,50.55,5.49,0.0,32.09
204,05/10/2019 19:26,18.93,13.19,50.2,4.77,0.0,32.12
205,05/10/2019 19:24,18.93,13.19,49.93,4.49,0.0,32.12
206,05/10/2019 19:22,18.97,13.19,49.9,3.65,0.0,32.16
207,05/10/2019 19:20,18.92,13.19,49.71,5.41,0.0,32.11
208,05/10/2019 19:18,18.95,13.19,49.4,6.17,0.0,32.14
209,05/10/2019 19:16,19.0,13.19,49.51,3.8,0.0,32.19
210,05/10/2019 19:14,18.99,13.19,49.38,6.01,0.0,32.18
211,05/10/2019 19:12,19.04,13.19,49.39,4.39,0.0,32.23
212,05/10/2019 19:10,19.04,13.19,49.39,3.21,0.0,32.23
213,05/10/2019 19:08,19.04,13.19,49.42,4.45,0.0,32.23
214,05/10/2019 19:06,19.06,13.19,49.5,3.8,0.0,32.25
215,05/10/2019 19:04,19.06,13.19,49.41,3.38,0.0,32.25
216,05/10/2019 19:02,19.04,13.19,49.41,4.56,0.0,32.23
217,05/10/2019 19:00,19.04,13.19,49.58,4.15,0.0,32.23
218,05/10/2019 18:58,19.04,13.19,49.55,4.29,0.0,32.23
219,05/10/2019 18:56,19.03,13.19,49.75,3.1,0.0,32.22
220,05/10/2019 18:54,18.99,13.25,49.74,3.68,0.0,32.239999999999995
221,05/10/2019 18:52,18.96,13.31,49.91,4.01,0.0,32.27
222,05/10/2019 18:50,18.92,13.5,50.11,6.05,0.0,32.42
223,05/10/2019 18:48,18.88,13.94,50.14,5.27,0.0,32.82
224,05/10/2019 18:46,18.87,13.81,50.71,3.28,0.0,32.68
225,05/10/2019 18:44,18.8,13.81,50.6,4.21,0.0,32.61
226,05/10/2019 18:42,18.72,13.81,50.64,5.78,0.0,32.53
227,05/10/2019 18:40,18.64,13.75,51.24,4.09,0.0,32.39
228,05/10/2019 18:39,18.57,13.81,51.15,5.81,0.0,32.38
229,05/10/2019 18:38,18.52,13.75,51.24,6.13,0.0,32.269999999999996
230,05/10/2019 18:38,18.52,13.75,51.23,0.96,0.0,32.269999999999996
231,05/10/2019 18:34,18.69,13.81,50.94,4.75,0.0,32.5
232,05/10/2019 18:32,18.58,13.81,51.14,4.79,0.0,32.39
233,05/10/2019 18:30,18.49,13.88,51.37,4.91,0.0,32.37
234,05/10/2019 18:28,18.38,13.88,51.95,4.95,0.0,32.26
235,05/10/2019 18:26,18.21,13.94,52.31,6.14,0.0,32.15
236,05/10/2019 18:24,18.02,13.94,52.95,6.05,0.0,31.96
237,05/10/2019 18:22,17.79,13.94,54.0,4.18,0.0,31.729999999999997
238,05/10/2019 18:20,17.39,13.94,55.2,5.23,0.0,31.33
239,05/10/2019 18:18,16.94,14.13,56.62,5.73,0.0,31.07
240,05/10/2019 18:16,16.3,14.13,58.76,3.79,0.0,30.43
241,05/10/2019 18:14,15.65,14.19,60.97,5.35,0.0,29.84
242,05/10/2019 18:14,15.41,14.13,61.74,5.22,0.0,29.54
243,05/10/2019 18:13,15.14,14.19,62.79,0.14,0.0,29.33
244,05/10/2019 17:48,15.37,14.0,63.11,0.06,0.0,29.369999999999997
245,05/10/2019 16:18,22.17,17.06,41.49,0.08,0.0,39.230000000000004
246,05/10/2019 16:16,22.22,17.13,42.3,0.0,0.0,39.349999999999994
247,05/10/2019 16:14,22.27,17.13,42.15,0.0,0.0,39.4
248,05/10/2019 16:12,22.34,17.13,42.05,0.0,0.0,39.47
249,05/10/2019 16:10,22.4,17.19,41.78,0.0,0.0,39.59
250,05/10/2019 16:08,22.48,17.19,41.61,0.0,0.0,39.67
251,05/10/2019 16:06,22.57,17.25,41.31,0.0,0.0,39.82
252,05/10/2019 16:04,22.69,17.25,41.04,0.0,0.0,39.94
253,05/10/2019 16:02,22.82,17.25,40.73,0.0,0.0,40.07
254,05/10/2019 16:00,22.94,17.31,40.34,0.0,0.0,40.25
255,05/10/2019 15:58,23.13,17.31,39.94,0.0,0.0,40.44
256,05/10/2019 15:56,23.32,17.44,39.49,0.0,0.0,40.760000000000005
257,05/10/2019 15:54,23.54,17.56,38.91,0.0,0.0,41.099999999999994
258,05/10/2019 15:52,23.73,17.75,38.4,0.22,0.0,41.480000000000004
259,05/10/2019 15:50,23.95,18.06,37.65,0.0,0.0,42.01
260,05/10/2019 15:48,24.15,18.63,37.35,0.0,0.0,42.78
261,05/10/2019 15:46,24.23,19.94,39.91,0.0,0.0,44.17
262,05/10/2019 15:44,24.21,19.94,40.03,0.0,0.0,44.150000000000006
263,05/10/2019 15:42,24.2,19.88,39.93,0.0,0.0,44.08
264,05/10/2019 15:40,24.2,19.88,40.02,0.0,0.0,44.08
265,05/10/2019 15:38,24.2,19.88,40.07,0.0,0.0,44.08
266,05/10/2019 15:36,24.19,19.88,40.04,0.0,0.0,44.07
267,05/10/2019 15:34,24.18,19.81,40.03,0.0,0.0,43.989999999999995
268,05/10/2019 15:32,24.19,19.88,39.98,0.0,0.0,44.07
269,05/10/2019 15:30,24.19,19.81,40.05,0.0,0.0,44.0
270,05/10/2019 15:28,24.19,19.88,40.2,0.0,0.0,44.07
271,05/10/2019 15:26,24.18,19.88,40.23,0.0,0.0,44.06
272,05/10/2019 15:23,24.17,19.94,40.25,0.0,0.0,44.11
273,05/10/2019 14:46,22.91,19.94,41.84,0.0,0.0,42.85
274,05/10/2019 14:43,22.68,19.81,42.0,0.0,0.28,42.489999999999995
275,04/10/2019 18:19,27.96,21.88,33.51,0.03,0.0,49.84
276,04/10/2019 17:54,28.87,30.0,39.89,0.0,0.0,58.870000000000005
277,04/10/2019 17:53,28.85,31.88,39.99,0.0,0.0,60.730000000000004
278,04/10/2019 17:33,28.83,23.94,40.42,0.0,0.0,52.769999999999996
279,04/10/2019 17:30,40.52,45.0,40.52,0.01,28.82,85.52000000000001
280,04/10/2019 17:09,40.38,138.64,40.38,1.2,28.76,179.01999999999998
281,04/10/2019 17:07,40.43,90.0,40.43,0.0,28.77,130.43
282,04/10/2019 17:03,40.2,90.0,40.2,0.0,28.77,130.2
283,04/10/2019 17:02,40.15,90.0,40.15,0.0,28.77,130.15
284,04/10/2019 17:02,40.12,90.0,40.12,0.0,28.78,130.12
285,04/10/2019 17:00,40.06,90.0,40.06,0.0,28.78,130.06
286,04/10/2019 16:15,28.77,23.94,39.23,0.0,0.0,52.71
287,04/10/2019 16:10,28.74,23.88,39.13,0.0,0.0,52.62
288,04/10/2019 16:05,28.78,23.94,38.73,0.0,0.0,52.72
289,04/10/2019 16:00,28.79,24.0,38.65,0.0,0.0,52.79
290,04/10/2019 15:55,28.83,24.0,38.7,0.0,0.0,52.83
291,04/10/2019 15:50,28.89,24.06,38.59,0.0,0.0,52.95
292,04/10/2019 15:45,28.97,24.13,38.79,0.0,0.0,53.099999999999994
293,04/10/2019 15:40,29.02,24.19,38.82,0.0,0.0,53.21
294,04/10/2019 15:35,29.07,24.25,38.57,0.0,0.0,53.32
295,04/10/2019 15:30,29.15,24.31,38.76,0.0,0.0,53.459999999999994
296,04/10/2019 15:25,29.18,24.38,38.96,0.0,0.0,53.56
297,04/10/2019 15:20,29.22,24.38,38.95,0.0,0.0,53.599999999999994
298,04/10/2019 15:15,29.3,24.44,38.81,0.0,0.0,53.74
299,04/10/2019 15:10,29.34,24.5,38.96,0.0,0.0,53.84
300,04/10/2019 15:05,29.38,24.5,39.03,0.0,0.0,53.879999999999995
301,04/10/2019 15:00,29.46,24.56,38.67,0.0,0.0,54.019999999999996
302,04/10/2019 14:55,29.48,24.63,38.97,0.0,0.0,54.11
303,04/10/2019 14:50,29.5,24.63,39.24,0.0,0.0,54.129999999999995
304,04/10/2019 14:45,29.48,24.56,38.84,0.0,0.0,54.04
305,04/10/2019 14:40,29.49,24.56,38.75,0.0,0.0,54.05
306,04/10/2019 14:35,29.48,24.56,38.82,0.0,0.0,54.04
307,04/10/2019 14:30,29.48,24.56,39.11,0.0,0.0,54.04
308,04/10/2019 14:25,29.46,24.5,38.13,0.0,0.0,53.96
309,04/10/2019 14:20,29.46,24.5,38.67,0.0,0.0,53.96
310,04/10/2019 14:15,29.45,24.44,38.92,0.0,0.0,53.89
311,04/10/2019 14:12,29.44,24.44,38.99,0.0,0.0,53.88
312,04/10/2019 14:10,29.43,24.38,38.88,0.0,0.0,53.81
313,04/10/2019 14:05,29.42,24.31,38.72,0.34,0.0,53.730000000000004
314,04/10/2019 14:04,29.42,24.31,38.62,0.21,0.0,53.730000000000004
315,04/10/2019 14:00,29.41,24.31,38.59,0.0,0.0,53.72
316,04/10/2019 13:55,29.38,24.31,38.57,0.0,0.0,53.69
317,04/10/2019 13:50,29.39,24.31,38.08,0.0,0.0,53.7
318,04/10/2019 13:45,29.42,24.38,38.14,0.0,0.0,53.8
319,04/10/2019 13:40,29.44,24.31,38.07,0.0,0.0,53.75
320,04/10/2019 13:35,29.49,24.31,37.54,0.0,0.0,53.8
321,04/10/2019 13:30,29.53,24.44,37.65,0.0,0.0,53.97
322,04/10/2019 13:25,29.58,24.44,37.57,0.0,0.0,54.019999999999996
323,04/10/2019 13:20,29.63,24.44,37.0,0.0,0.0,54.07
324,04/10/2019 13:15,29.72,24.5,37.09,0.0,0.0,54.22
325,04/10/2019 13:10,29.8,24.5,37.06,0.0,0.0,54.3
326,04/10/2019 13:05,29.91,24.56,36.31,0.0,0.0,54.47
327,04/10/2019 13:03,29.95,24.56,35.84,0.0,0.0,54.51
328,04/10/2019 13:00,30.11,24.69,36.03,0.0,0.0,54.8
329,04/10/2019 12:55,30.25,24.81,36.3,0.0,0.0,55.06
330,04/10/2019 12:55,30.25,24.81,36.3,0.0,0.0,55.06
331,04/10/2019 12:50,30.41,25.0,36.0,0.0,0.0,55.41
332,04/10/2019 12:50,30.41,25.0,36.0,0.0,0.0,55.41
333,04/10/2019 12:45,30.49,25.19,36.35,0.0,0.0,55.68
334,04/10/2019 12:45,30.49,25.19,36.35,0.0,0.0,55.68
335,04/10/2019 12:40,30.5,25.25,36.76,0.0,0.0,55.75
336,04/10/2019 12:40,30.5,25.25,36.76,0.0,0.0,55.75
337,04/10/2019 12:35,30.41,25.19,37.0,0.0,0.0,55.6
338,04/10/2019 12:35,30.41,25.19,37.0,0.0,0.0,55.6
339,04/10/2019 12:30,30.28,25.06,37.04,0.0,0.0,55.34
340,04/10/2019 12:30,30.28,25.06,37.04,0.0,0.0,55.34
341,04/10/2019 12:25,30.12,24.94,37.16,0.0,0.0,55.06
342,04/10/2019 12:25,30.12,24.94,37.16,0.0,0.0,55.06
343,04/10/2019 12:20,30.0,24.81,37.42,0.0,0.0,54.81
344,04/10/2019 12:20,30.0,24.81,37.42,0.0,0.0,54.81
345,04/10/2019 12:15,29.83,24.69,37.21,0.0,0.0,54.519999999999996
346,04/10/2019 12:15,29.83,24.69,37.21,0.0,0.0,54.519999999999996
347,04/10/2019 12:10,29.68,24.5,37.25,0.0,0.0,54.18
348,04/10/2019 12:10,29.68,24.5,37.25,0.0,0.0,54.18
349,04/10/2019 12:00,29.34,24.25,37.4,0.0,0.0,53.59
350,04/10/2019 12:00,29.34,24.25,37.4,0.0,0.0,53.59
351,04/10/2019 12:00,29.34,24.25,37.4,0.0,0.0,53.59
352,04/10/2019 12:00,29.34,24.25,37.4,0.0,0.0,53.59
353,04/10/2019 11:58,29.28,24.25,37.48,0.0,0.0,53.53
354,04/10/2019 11:58,29.28,24.25,37.48,0.0,0.0,53.53
355,04/10/2019 11:58,29.28,24.25,37.48,0.0,0.0,53.53
356,04/10/2019 11:58,29.28,24.25,37.48,0.0,0.0,53.53
357,04/10/2019 11:58,29.28,24.25,37.48,0.0,0.0,53.53
358,04/10/2019 11:58,29.28,24.25,37.48,0.0,0.0,53.53
359,04/10/2019 11:58,29.28,24.25,37.48,0.0,0.0,53.53
360,04/10/2019 11:58,29.28,24.25,37.48,0.0,0.0,53.53
361,04/10/2019 11:55,29.12,24.13,37.46,0.0,0.0,53.25
362,04/10/2019 11:55,29.12,24.13,37.46,0.0,0.0,53.25
363,04/10/2019 11:55,29.12,24.13,37.46,0.0,0.0,53.25
364,04/10/2019 11:55,29.12,24.13,37.46,0.0,0.0,53.25
365,04/10/2019 11:55,29.12,24.13,37.46,0.0,0.0,53.25
366,04/10/2019 11:55,29.12,24.13,37.46,0.0,0.0,53.25
367,04/10/2019 11:55,29.12,24.13,37.46,0.0,0.0,53.25
368,04/10/2019 11:55,29.12,24.13,37.46,0.0,0.0,53.25
369,04/10/2019 11:55,29.12,24.13,37.46,0.0,0.0,53.25
370,04/10/2019 11:50,28.87,24.0,37.67,0.0,0.0,52.870000000000005
371,04/10/2019 11:50,28.87,24.0,37.67,0.0,0.0,52.870000000000005
372,04/10/2019 11:50,28.87,24.0,37.67,0.0,0.0,52.870000000000005
373,04/10/2019 11:50,28.87,24.0,37.67,0.0,0.0,52.870000000000005
374,04/10/2019 11:50,28.87,24.0,37.67,0.0,0.0,52.870000000000005
375,04/10/2019 11:50,28.87,24.0,37.67,0.0,0.0,52.870000000000005
376,04/10/2019 11:50,28.87,24.0,37.67,0.0,0.0,52.870000000000005
377,04/10/2019 11:50,28.87,24.0,37.67,0.0,0.0,52.870000000000005
378,04/10/2019 11:50,28.87,24.0,37.67,0.0,0.0,52.870000000000005
379,04/10/2019 11:45,28.64,23.88,37.86,0.0,0.0,52.519999999999996
380,04/10/2019 11:45,28.64,23.88,37.86,0.0,0.0,52.519999999999996
381,04/10/2019 11:45,28.64,23.88,37.86,0.0,0.0,52.519999999999996
382,04/10/2019 11:45,28.64,23.88,37.86,0.0,0.0,52.519999999999996
383,04/10/2019 11:45,28.64,23.88,37.86,0.0,0.0,52.519999999999996
384,04/10/2019 11:45,28.64,23.88,37.86,0.0,0.0,52.519999999999996
385,04/10/2019 11:45,28.64,23.88,37.86,0.0,0.0,52.519999999999996
386,04/10/2019 11:45,28.64,23.88,37.86,0.0,0.0,52.519999999999996
387,04/10/2019 11:45,28.64,23.88,37.86,0.0,0.0,52.519999999999996
388,04/10/2019 11:40,28.46,23.75,37.99,0.0,0.0,52.21
389,04/10/2019 11:40,28.46,23.75,37.99,0.0,0.0,52.21
390,04/10/2019 11:40,28.46,23.75,37.99,0.0,0.0,52.21
391,04/10/2019 11:40,28.46,23.75,37.99,0.0,0.0,52.21
392,04/10/2019 11:40,28.46,23.75,37.99,0.0,0.0,52.21
393,04/10/2019 11:40,28.46,23.75,37.99,0.0,0.0,52.21
394,04/10/2019 11:40,28.46,23.75,37.99,0.0,0.0,52.21
395,04/10/2019 11:40,28.46,23.75,37.99,0.0,0.0,52.21
396,04/10/2019 11:40,28.46,23.75,37.99,0.0,0.0,52.21
397,04/10/2019 11:35,28.31,23.56,38.02,0.0,0.0,51.87
398,04/10/2019 11:35,28.31,23.56,38.02,0.0,0.0,51.87
399,04/10/2019 11:35,28.31,23.56,38.02,0.0,0.0,51.87
400,04/10/2019 11:35,28.31,23.56,38.02,0.0,0.0,51.87
401,04/10/2019 11:35,28.31,23.56,38.02,0.0,0.0,51.87
402,04/10/2019 11:35,28.31,23.56,38.02,0.0,0.0,51.87
403,04/10/2019 11:35,28.31,23.56,38.02,0.0,0.0,51.87
404,04/10/2019 11:35,28.31,23.56,38.02,0.0,0.0,51.87
405,04/10/2019 11:35,28.31,23.56,38.02,0.0,0.0,51.87
406,04/10/2019 11:30,28.14,23.38,38.06,0.0,0.0,51.519999999999996
407,04/10/2019 11:30,28.14,23.38,38.06,0.0,0.0,51.519999999999996
408,04/10/2019 11:30,28.14,23.38,38.06,0.0,0.0,51.519999999999996
409,04/10/2019 11:30,28.14,23.38,38.06,0.0,0.0,51.519999999999996
410,04/10/2019 11:30,28.14,23.38,38.06,0.0,0.0,51.519999999999996
411,04/10/2019 11:30,28.14,23.38,38.06,0.0,0.0,51.519999999999996
412,04/10/2019 11:30,28.14,23.38,38.06,0.0,0.0,51.519999999999996
413,04/10/2019 11:30,28.14,23.38,38.06,0.0,0.0,51.519999999999996
414,04/10/2019 11:30,28.14,23.38,38.06,0.0,0.0,51.519999999999996
415,04/10/2019 11:25,27.97,23.19,38.1,0.0,0.0,51.16
416,04/10/2019 11:25,27.97,23.19,38.1,0.0,0.0,51.16
417,04/10/2019 11:25,27.97,23.19,38.1,0.0,0.0,51.16
418,04/10/2019 11:25,27.97,23.19,38.1,0.0,0.0,51.16
419,04/10/2019 11:25,27.97,23.19,38.1,0.0,0.0,51.16
420,04/10/2019 11:25,27.97,23.19,38.1,0.0,0.0,51.16
421,04/10/2019 11:25,27.97,23.19,38.1,0.0,0.0,51.16
422,04/10/2019 11:25,27.97,23.19,38.1,0.0,0.0,51.16
423,04/10/2019 11:25,27.97,23.19,38.1,0.0,0.0,51.16
424,04/10/2019 11:20,27.78,23.0,38.16,0.0,0.0,50.78
425,04/10/2019 11:20,27.78,23.0,38.16,0.0,0.0,50.78
426,04/10/2019 11:20,27.78,23.0,38.16,0.0,0.0,50.78
427,04/10/2019 11:20,27.78,23.0,38.16,0.0,0.0,50.78
428,04/10/2019 11:20,27.78,23.0,38.16,0.0,0.0,50.78
429,04/10/2019 11:20,27.78,23.0,38.16,0.0,0.0,50.78
430,04/10/2019 11:20,27.78,23.0,38.16,0.0,0.0,50.78
431,04/10/2019 11:20,27.78,23.0,38.16,0.0,0.0,50.78
432,04/10/2019 11:20,27.78,23.0,38.16,0.0,0.0,50.78
433,04/10/2019 11:15,27.59,22.81,38.17,0.0,0.0,50.4
434,04/10/2019 11:15,27.59,22.81,38.17,0.0,0.0,50.4
435,04/10/2019 11:15,27.59,22.81,38.17,0.0,0.0,50.4
436,04/10/2019 11:15,27.59,22.81,38.17,0.0,0.0,50.4
437,04/10/2019 11:15,27.59,22.81,38.17,0.0,0.0,50.4
438,04/10/2019 11:15,27.59,22.81,38.17,0.0,0.0,50.4
439,04/10/2019 11:15,27.59,22.81,38.17,0.0,0.0,50.4
440,04/10/2019 11:15,27.59,22.81,38.17,0.0,0.0,50.4
441,04/10/2019 11:15,27.59,22.81,38.17,0.0,0.0,50.4
442,04/10/2019 11:10,27.4,22.63,38.22,0.0,0.0,50.03
443,04/10/2019 11:10,27.4,22.63,38.22,0.0,0.0,50.03
444,04/10/2019 11:10,27.4,22.63,38.22,0.0,0.0,50.03
445,04/10/2019 11:10,27.4,22.63,38.22,0.0,0.0,50.03
446,04/10/2019 11:10,27.4,22.63,38.22,0.0,0.0,50.03
447,04/10/2019 11:10,27.4,22.63,38.22,0.0,0.0,50.03
448,04/10/2019 11:10,27.4,22.63,38.22,0.0,0.0,50.03
449,04/10/2019 11:10,27.4,22.63,38.22,0.0,0.0,50.03
450,04/10/2019 11:10,27.4,22.63,38.22,0.0,0.0,50.03
451,04/10/2019 11:10,27.4,22.63,38.22,0.0,0.0,50.03
452,04/10/2019 11:10,27.4,22.63,38.22,0.0,0.0,50.03
453,04/10/2019 11:10,27.4,22.63,38.22,0.0,0.0,50.03
454,04/10/2019 11:10,27.4,22.63,38.22,0.0,0.0,50.03
455,04/10/2019 10:20,25.56,20.75,38.48,0.0,0.0,46.31
456,04/10/2019 10:20,25.56,20.75,38.48,0.0,0.0,46.31
457,04/10/2019 10:15,25.32,20.5,38.58,0.0,0.0,45.82
458,04/10/2019 10:15,25.32,20.5,38.58,0.0,0.0,45.82
459,04/10/2019 10:10,25.1,20.38,38.72,0.0,0.0,45.480000000000004
460,04/10/2019 10:10,25.1,20.38,38.72,0.0,0.0,45.480000000000004
461,04/10/2019 10:10,25.07,20.31,38.74,0.0,0.0,45.379999999999995
462,04/10/2019 10:10,25.07,20.31,38.74,0.0,0.0,45.379999999999995
463,04/10/2019 10:06,24.91,20.19,38.74,0.0,0.0,45.1
464,04/10/2019 10:06,24.91,20.19,38.74,0.0,0.0,45.1
465,04/10/2019 10:06,24.88,20.13,38.76,0.0,0.0,45.01
466,04/10/2019 10:06,24.88,20.13,38.76,0.0,0.0,45.01
467,04/10/2019 10:05,24.83,20.13,38.76,0.0,0.0,44.959999999999994
468,04/10/2019 10:05,24.83,20.13,38.76,0.0,0.0,44.959999999999994
469,04/10/2019 09:55,24.31,19.63,39.02,0.0,0.0,43.94
470,04/10/2019 09:55,24.31,19.63,39.02,0.0,0.0,43.94
471,04/10/2019 09:53,24.23,19.5,39.11,0.0,0.0,43.730000000000004
472,04/10/2019 09:53,24.23,19.5,39.11,0.0,0.0,43.730000000000004
473,04/10/2019 09:50,24.05,19.38,39.16,0.0,0.0,43.43
474,04/10/2019 09:50,24.05,19.38,39.16,0.0,0.0,43.43
475,04/10/2019 09:45,23.74,19.13,39.31,0.0,0.0,42.87
476,04/10/2019 09:45,23.74,19.13,39.31,0.0,0.0,42.87
477,04/10/2019 09:44,23.68,19.06,39.3,0.0,0.0,42.739999999999995
478,04/10/2019 09:44,23.68,19.06,39.3,0.0,0.0,42.739999999999995
479,04/10/2019 09:40,23.43,18.81,39.41,0.0,0.0,42.239999999999995
480,04/10/2019 09:40,23.43,18.81,39.41,0.0,0.0,42.239999999999995
481,04/10/2019 09:35,23.11,18.5,39.57,0.0,0.0,41.61
482,04/10/2019 09:35,23.11,18.5,39.57,0.0,0.0,41.61
483,04/10/2019 09:30,22.77,18.25,39.72,0.0,0.0,41.019999999999996
484,04/10/2019 09:30,22.77,18.25,39.72,0.0,0.0,41.019999999999996
485,04/10/2019 09:29,22.75,18.19,39.76,0.0,0.0,40.94
486,04/10/2019 09:29,22.75,18.19,39.76,0.0,0.0,40.94
487,04/10/2019 09:25,22.41,17.94,39.9,0.0,0.0,40.35
488,04/10/2019 09:25,22.41,17.94,39.9,0.0,0.0,40.35
489,04/10/2019 09:20,22.03,17.56,40.08,0.0,0.0,39.59
490,04/10/2019 09:20,22.03,17.56,40.08,0.0,0.0,39.59
491,04/10/2019 09:17,21.82,17.31,40.18,0.0,0.0,39.129999999999995
492,04/10/2019 09:17,21.82,17.31,40.18,0.0,0.0,39.129999999999995
493,04/10/2019 09:15,21.62,17.13,40.22,0.0,0.0,38.75
494,04/10/2019 09:15,21.62,17.13,40.22,0.0,0.0,38.75
495,04/10/2019 09:10,21.23,16.69,40.41,0.0,0.0,37.92
496,04/10/2019 09:10,21.23,16.69,40.41,0.0,0.0,37.92
497,04/10/2019 09:05,20.83,16.31,40.47,0.18,0.0,37.14
498,04/10/2019 09:05,20.83,16.31,40.47,0.18,0.0,37.14
499,04/10/2019 09:00,20.42,16.06,39.84,0.0,0.0,36.480000000000004
500,04/10/2019 09:00,20.42,16.06,39.84,0.0,0.0,36.480000000000004
501,04/10/2019 08:55,20.03,15.63,39.5,0.0,0.0,35.660000000000004
502,04/10/2019 08:55,20.03,15.63,39.5,0.0,0.0,35.660000000000004
503,04/10/2019 08:50,19.62,15.19,38.99,0.0,0.0,34.81
504,04/10/2019 08:50,19.62,15.19,38.99,0.0,0.0,34.81
505,04/10/2019 08:45,19.24,14.69,38.47,0.0,0.0,33.93
506,04/10/2019 08:45,19.24,14.69,38.47,0.0,0.0,33.93
507,04/10/2019 08:40,18.91,14.06,37.85,0.0,0.0,32.97
508,04/10/2019 08:40,18.91,14.06,37.85,0.0,0.0,32.97
509,04/10/2019 08:35,18.68,13.56,37.41,0.0,0.0,32.24
510,04/10/2019 08:35,18.68,13.56,37.41,0.0,0.0,32.24
511,04/10/2019 08:30,18.62,13.44,37.19,0.0,0.0,32.06
512,04/10/2019 08:30,18.62,13.44,37.19,0.0,0.0,32.06
513,04/10/2019 08:25,18.63,13.5,37.13,0.0,0.0,32.129999999999995
514,04/10/2019 08:25,18.63,13.5,37.13,0.0,0.0,32.129999999999995
515,04/10/2019 08:20,18.63,13.44,37.14,0.0,0.0,32.07
516,04/10/2019 08:20,18.63,13.44,37.14,0.0,0.0,32.07
517,04/10/2019 08:15,18.64,13.5,37.15,0.0,0.0,32.14
518,04/10/2019 08:15,18.64,13.5,37.15,0.0,0.0,32.14
519,04/10/2019 08:10,18.66,13.5,37.14,0.0,0.0,32.16
520,04/10/2019 08:10,18.66,13.5,37.14,0.0,0.0,32.16
521,04/10/2019 08:05,18.66,13.5,37.06,0.0,0.0,32.16
522,04/10/2019 08:05,18.66,13.5,37.06,0.0,0.0,32.16
523,04/10/2019 08:00,18.68,13.5,37.03,0.0,0.0,32.18
524,04/10/2019 08:00,18.68,13.5,37.03,0.0,0.0,32.18
525,04/10/2019 07:55,18.7,13.5,36.99,0.0,0.0,32.2
526,04/10/2019 07:55,18.7,13.5,36.99,0.0,0.0,32.2
527,04/10/2019 07:50,18.7,13.56,36.98,0.0,0.0,32.26
528,04/10/2019 07:50,18.7,13.56,36.98,0.0,0.0,32.26
529,04/10/2019 07:45,18.72,13.56,36.99,0.0,0.0,32.28
530,04/10/2019 07:45,18.72,13.56,36.99,0.0,0.0,32.28
531,04/10/2019 07:40,18.73,13.56,36.99,0.0,0.0,32.29
532,04/10/2019 07:40,18.73,13.56,36.99,0.0,0.0,32.29
533,04/10/2019 07:35,18.76,13.56,36.99,0.0,0.0,32.32
534,04/10/2019 07:35,18.76,13.56,36.99,0.0,0.0,32.32
535,04/10/2019 07:30,18.76,13.63,36.98,0.0,0.0,32.39
536,04/10/2019 07:30,18.76,13.63,36.98,0.0,0.0,32.39
537,04/10/2019 07:25,18.77,13.63,36.96,0.0,0.0,32.4
538,04/10/2019 07:25,18.77,13.63,36.96,0.0,0.0,32.4
539,04/10/2019 07:20,18.78,13.63,36.97,0.0,0.0,32.410000000000004
540,04/10/2019 07:20,18.78,13.63,36.97,0.0,0.0,32.410000000000004
541,04/10/2019 07:15,18.79,13.63,36.99,0.0,0.0,32.42
542,04/10/2019 07:15,18.79,13.63,36.99,0.0,0.0,32.42
543,04/10/2019 07:10,18.81,13.69,36.98,0.0,0.0,32.5
544,04/10/2019 07:10,18.81,13.69,36.98,0.0,0.0,32.5
545,04/10/2019 07:05,18.82,13.63,36.99,0.0,0.0,32.45
546,04/10/2019 07:05,18.82,13.63,36.99,0.0,0.0,32.45
547,04/10/2019 07:00,18.83,13.69,37.0,0.0,0.0,32.519999999999996
548,04/10/2019 07:00,18.83,13.69,37.0,0.0,0.0,32.519999999999996
549,04/10/2019 06:55,18.83,13.69,37.0,0.0,0.0,32.519999999999996
550,04/10/2019 06:55,18.83,13.69,37.0,0.0,0.0,32.519999999999996
551,04/10/2019 06:50,18.85,13.69,37.01,0.0,0.0,32.54
552,04/10/2019 06:50,18.85,13.69,37.01,0.0,0.0,32.54
553,04/10/2019 06:45,18.86,13.69,36.98,0.0,0.0,32.55
554,04/10/2019 06:45,18.86,13.69,36.98,0.0,0.0,32.55
555,04/10/2019 06:40,18.87,13.75,36.98,0.0,0.0,32.620000000000005
556,04/10/2019 06:40,18.87,13.75,36.98,0.0,0.0,32.620000000000005
557,04/10/2019 06:35,18.91,13.75,37.01,0.0,0.0,32.66
558,04/10/2019 06:35,18.91,13.75,37.01,0.0,0.0,32.66
559,04/10/2019 06:30,18.89,13.81,37.02,0.0,0.0,32.7
560,04/10/2019 06:30,18.89,13.81,37.02,0.0,0.0,32.7
561,04/10/2019 06:25,18.92,13.75,37.04,0.0,0.0,32.67
562,04/10/2019 06:25,18.92,13.75,37.04,0.0,0.0,32.67
563,04/10/2019 06:20,18.94,13.81,37.08,0.0,0.0,32.75
564,04/10/2019 06:20,18.94,13.81,37.08,0.0,0.0,32.75
565,04/10/2019 06:15,18.94,13.81,37.07,0.0,0.0,32.75
566,04/10/2019 06:15,18.94,13.81,37.07,0.0,0.0,32.75
567,04/10/2019 06:10,18.95,13.88,37.08,0.0,0.0,32.83
568,04/10/2019 06:10,18.95,13.88,37.08,0.0,0.0,32.83
569,04/10/2019 06:05,18.96,13.88,37.11,0.0,0.0,32.84
570,04/10/2019 06:05,18.96,13.88,37.11,0.0,0.0,32.84
571,04/10/2019 06:00,18.97,13.88,37.08,0.0,0.0,32.85
572,04/10/2019 06:00,18.97,13.88,37.08,0.0,0.0,32.85
573,04/10/2019 05:55,18.99,13.88,37.11,0.0,0.0,32.87
574,04/10/2019 05:55,18.99,13.88,37.11,0.0,0.0,32.87
575,04/10/2019 05:50,19.01,13.94,37.08,0.0,0.0,32.95
576,04/10/2019 05:50,19.01,13.94,37.08,0.0,0.0,32.95
577,04/10/2019 05:45,19.01,13.88,37.07,0.0,0.0,32.89
578,04/10/2019 05:45,19.01,13.88,37.07,0.0,0.0,32.89
579,04/10/2019 05:40,19.03,13.94,37.06,0.0,0.0,32.97
580,04/10/2019 05:40,19.03,13.94,37.06,0.0,0.0,32.97
581,04/10/2019 05:35,19.03,13.94,37.06,0.0,0.0,32.97
582,04/10/2019 05:35,19.03,13.94,37.06,0.0,0.0,32.97
583,04/10/2019 05:30,19.04,13.94,37.06,0.0,0.0,32.98
584,04/10/2019 05:30,19.04,13.94,37.06,0.0,0.0,32.98
585,04/10/2019 05:25,19.07,13.94,37.07,0.0,0.0,33.01
586,04/10/2019 05:25,19.07,13.94,37.07,0.0,0.0,33.01
587,04/10/2019 05:20,19.07,13.94,37.13,0.0,0.0,33.01
588,04/10/2019 05:20,19.07,13.94,37.13,0.0,0.0,33.01
589,04/10/2019 05:15,19.08,14.0,37.11,0.0,0.0,33.08
590,04/10/2019 05:15,19.08,14.0,37.11,0.0,0.0,33.08
591,04/10/2019 05:10,19.1,14.0,37.13,0.0,0.0,33.1
592,04/10/2019 05:10,19.1,14.0,37.13,0.0,0.0,33.1
593,04/10/2019 05:05,19.1,14.0,37.14,0.0,0.0,33.1
594,04/10/2019 05:05,19.1,14.0,37.14,0.0,0.0,33.1
595,04/10/2019 05:00,19.11,14.06,37.12,0.0,0.0,33.17
596,04/10/2019 05:00,19.11,14.06,37.12,0.0,0.0,33.17
597,04/10/2019 04:55,19.12,14.0,37.12,0.0,0.0,33.120000000000005
598,04/10/2019 04:55,19.12,14.0,37.12,0.0,0.0,33.120000000000005
599,04/10/2019 04:50,19.14,14.06,37.1,0.0,0.0,33.2
600,04/10/2019 04:50,19.14,14.06,37.1,0.0,0.0,33.2
601,04/10/2019 04:45,19.15,14.06,37.09,0.0,0.0,33.21
602,04/10/2019 04:45,19.15,14.06,37.09,0.0,0.0,33.21
603,04/10/2019 04:40,19.16,14.06,37.1,0.0,0.0,33.22
604,04/10/2019 04:40,19.16,14.06,37.1,0.0,0.0,33.22
605,04/10/2019 04:35,19.17,14.06,37.11,0.0,0.0,33.230000000000004
606,04/10/2019 04:35,19.17,14.06,37.11,0.0,0.0,33.230000000000004
607,04/10/2019 04:30,19.18,14.06,37.03,0.0,0.0,33.24
608,04/10/2019 04:30,19.18,14.06,37.03,0.0,0.0,33.24
609,04/10/2019 04:25,19.2,14.06,37.01,0.0,0.0,33.26
610,04/10/2019 04:25,19.2,14.06,37.01,0.0,0.0,33.26
611,04/10/2019 04:20,19.22,14.06,36.99,0.0,0.0,33.28
612,04/10/2019 04:20,19.22,14.06,36.99,0.0,0.0,33.28
613,04/10/2019 04:15,19.23,14.06,36.98,0.0,0.0,33.29
614,04/10/2019 04:15,19.23,14.06,36.98,0.0,0.0,33.29
615,04/10/2019 04:10,19.25,14.13,36.99,0.0,0.0,33.38
616,04/10/2019 04:10,19.25,14.13,36.99,0.0,0.0,33.38
617,04/10/2019 04:05,19.26,14.13,37.04,0.0,0.0,33.39
618,04/10/2019 04:05,19.26,14.13,37.04,0.0,0.0,33.39
619,04/10/2019 04:00,19.27,14.19,37.06,0.0,0.0,33.46
620,04/10/2019 04:00,19.27,14.19,37.06,0.0,0.0,33.46
621,04/10/2019 03:55,19.28,14.19,37.09,0.0,0.0,33.47
622,04/10/2019 03:55,19.28,14.19,37.09,0.0,0.0,33.47
623,04/10/2019 03:50,19.31,14.19,37.12,0.0,0.0,33.5
624,04/10/2019 03:50,19.31,14.19,37.12,0.0,0.0,33.5
625,04/10/2019 03:45,19.31,14.19,37.15,0.0,0.0,33.5
626,04/10/2019 03:45,19.31,14.19,37.15,0.0,0.0,33.5
627,04/10/2019 03:40,19.33,14.19,37.13,0.0,0.0,33.519999999999996
628,04/10/2019 03:40,19.33,14.19,37.13,0.0,0.0,33.519999999999996
629,04/10/2019 03:35,19.36,14.25,37.15,0.0,0.0,33.61
630,04/10/2019 03:35,19.36,14.25,37.15,0.0,0.0,33.61
631,04/10/2019 03:30,19.36,14.25,37.12,0.0,0.0,33.61
632,04/10/2019 03:30,19.36,14.25,37.12,0.0,0.0,33.61
633,04/10/2019 03:25,19.38,14.25,37.1,0.0,0.0,33.629999999999995
634,04/10/2019 03:25,19.38,14.25,37.1,0.0,0.0,33.629999999999995
635,04/10/2019 03:20,19.39,14.25,37.1,0.0,0.0,33.64
636,04/10/2019 03:20,19.39,14.25,37.1,0.0,0.0,33.64
637,04/10/2019 03:15,19.41,14.31,37.13,0.0,0.0,33.72
638,04/10/2019 03:15,19.41,14.31,37.13,0.0,0.0,33.72
639,04/10/2019 03:10,19.41,14.31,37.16,0.0,0.0,33.72
640,04/10/2019 03:10,19.41,14.31,37.16,0.0,0.0,33.72
641,04/10/2019 03:05,19.43,14.31,37.16,0.0,0.0,33.74
642,04/10/2019 03:05,19.43,14.31,37.16,0.0,0.0,33.74
643,04/10/2019 03:00,19.45,14.31,37.2,0.0,0.0,33.76
644,04/10/2019 03:00,19.45,14.31,37.2,0.0,0.0,33.76
645,04/10/2019 02:55,19.46,14.31,37.18,0.0,0.0,33.77
646,04/10/2019 02:55,19.46,14.31,37.18,0.0,0.0,33.77
647,04/10/2019 02:50,19.46,14.38,37.2,0.0,0.0,33.84
648,04/10/2019 02:50,19.46,14.38,37.2,0.0,0.0,33.84
649,04/10/2019 02:45,19.48,14.38,37.2,0.0,0.0,33.86
650,04/10/2019 02:45,19.48,14.38,37.2,0.0,0.0,33.86
651,04/10/2019 02:40,19.51,14.38,37.27,0.0,0.0,33.89
652,04/10/2019 02:40,19.51,14.38,37.27,0.0,0.0,33.89
653,04/10/2019 02:35,19.53,14.38,37.23,0.0,0.0,33.910000000000004
654,04/10/2019 02:35,19.53,14.38,37.23,0.0,0.0,33.910000000000004
655,04/10/2019 02:30,19.53,14.38,37.29,0.0,0.0,33.910000000000004
656,04/10/2019 02:30,19.53,14.38,37.29,0.0,0.0,33.910000000000004
657,04/10/2019 02:25,19.54,14.44,37.27,0.0,0.0,33.98
658,04/10/2019 02:25,19.54,14.44,37.27,0.0,0.0,33.98
659,04/10/2019 02:20,19.56,14.44,37.3,0.0,0.0,34.0
660,04/10/2019 02:20,19.56,14.44,37.3,0.0,0.0,34.0
661,04/10/2019 02:15,19.56,14.44,37.31,0.0,0.0,34.0
662,04/10/2019 02:15,19.56,14.44,37.31,0.0,0.0,34.0
663,04/10/2019 02:10,19.57,14.44,37.29,0.0,0.0,34.01
664,04/10/2019 02:10,19.57,14.44,37.29,0.0,0.0,34.01
665,04/10/2019 02:05,19.59,14.44,37.31,0.0,0.0,34.03
666,04/10/2019 02:05,19.59,14.44,37.31,0.0,0.0,34.03
667,04/10/2019 02:00,19.6,14.44,37.27,0.0,0.0,34.04
668,04/10/2019 02:00,19.6,14.44,37.27,0.0,0.0,34.04
669,04/10/2019 01:55,19.62,14.5,37.3,0.0,0.0,34.120000000000005
670,04/10/2019 01:55,19.62,14.5,37.3,0.0,0.0,34.120000000000005
671,04/10/2019 01:50,19.63,14.5,37.29,0.0,0.0,34.129999999999995
672,04/10/2019 01:50,19.63,14.5,37.29,0.0,0.0,34.129999999999995
673,04/10/2019 01:45,19.63,14.5,37.32,0.0,0.0,34.129999999999995
674,04/10/2019 01:45,19.63,14.5,37.32,0.0,0.0,34.129999999999995
675,04/10/2019 01:40,19.65,14.5,37.3,0.0,0.0,34.15
676,04/10/2019 01:40,19.65,14.5,37.3,0.0,0.0,34.15
677,04/10/2019 01:35,19.65,14.5,37.3,0.0,0.0,34.15
678,04/10/2019 01:35,19.65,14.5,37.3,0.0,0.0,34.15
679,04/10/2019 01:30,19.66,14.5,37.34,0.0,0.0,34.16
680,04/10/2019 01:30,19.66,14.5,37.34,0.0,0.0,34.16
681,04/10/2019 01:25,19.68,14.5,37.33,0.0,0.0,34.18
682,04/10/2019 01:25,19.68,14.5,37.33,0.0,0.0,34.18
683,04/10/2019 01:20,19.69,14.5,37.26,0.0,0.0,34.19
684,04/10/2019 01:20,19.69,14.5,37.26,0.0,0.0,34.19
685,04/10/2019 01:15,19.71,14.56,37.21,0.0,0.0,34.27
686,04/10/2019 01:15,19.71,14.56,37.21,0.0,0.0,34.27
687,04/10/2019 01:10,19.71,14.5,37.15,0.0,0.0,34.21
688,04/10/2019 01:10,19.71,14.5,37.15,0.0,0.0,34.21
689,04/10/2019 01:05,19.72,14.56,37.02,0.0,0.0,34.28
690,04/10/2019 01:05,19.72,14.56,37.02,0.0,0.0,34.28
691,04/10/2019 01:00,19.73,14.56,36.97,0.0,0.0,34.29
692,04/10/2019 01:00,19.73,14.56,36.97,0.0,0.0,34.29
693,04/10/2019 00:55,19.75,14.56,36.91,0.0,0.0,34.31
694,04/10/2019 00:55,19.75,14.56,36.91,0.0,0.0,34.31
695,04/10/2019 00:50,19.76,14.56,36.92,0.0,0.0,34.32
696,04/10/2019 00:50,19.76,14.56,36.92,0.0,0.0,34.32
697,04/10/2019 00:45,19.79,14.63,36.95,0.0,0.0,34.42
698,04/10/2019 00:45,19.79,14.63,36.95,0.0,0.0,34.42
699,04/10/2019 00:40,19.81,14.63,36.97,0.0,0.0,34.44
700,04/10/2019 00:40,19.81,14.63,36.97,0.0,0.0,34.44
701,04/10/2019 00:35,19.81,14.63,36.97,0.0,0.0,34.44
702,04/10/2019 00:35,19.81,14.63,36.97,0.0,0.0,34.44
703,04/10/2019 00:30,19.82,14.63,37.01,0.0,0.0,34.45
704,04/10/2019 00:30,19.82,14.63,37.01,0.0,0.0,34.45
705,04/10/2019 00:25,19.85,14.63,36.95,0.0,0.0,34.480000000000004
706,04/10/2019 00:25,19.85,14.63,36.95,0.0,0.0,34.480000000000004
707,04/10/2019 00:20,19.87,14.69,36.87,0.0,0.0,34.56
708,04/10/2019 00:20,19.87,14.69,36.87,0.0,0.0,34.56
709,04/10/2019 00:15,19.88,14.69,36.79,0.0,0.0,34.57
710,04/10/2019 00:15,19.88,14.69,36.79,0.0,0.0,34.57
711,04/10/2019 00:10,19.9,14.69,36.65,0.0,0.0,34.589999999999996
712,04/10/2019 00:10,19.9,14.69,36.65,0.0,0.0,34.589999999999996
713,04/10/2019 00:05,19.91,14.69,36.67,0.0,0.0,34.6
714,04/10/2019 00:05,19.91,14.69,36.67,0.0,0.0,34.6
715,04/10/2019 00:00,19.94,14.75,36.64,0.0,0.0,34.69
716,04/10/2019 00:00,19.94,14.75,36.64,0.0,0.0,34.69
717,03/10/2019 23:55,19.97,14.75,36.57,0.0,0.0,34.72
718,03/10/2019 23:55,19.97,14.75,36.57,0.0,0.0,34.72
719,03/10/2019 23:50,19.99,14.75,36.61,0.0,0.0,34.739999999999995
720,03/10/2019 23:50,19.99,14.75,36.61,0.0,0.0,34.739999999999995
721,03/10/2019 23:45,20.01,14.75,36.56,0.0,0.0,34.760000000000005
722,03/10/2019 23:45,20.01,14.75,36.56,0.0,0.0,34.760000000000005
723,03/10/2019 23:40,20.03,14.81,36.53,0.0,0.0,34.84
724,03/10/2019 23:40,20.03,14.81,36.53,0.0,0.0,34.84
725,03/10/2019 23:35,20.07,14.81,36.51,0.0,0.0,34.88
726,03/10/2019 23:35,20.07,14.81,36.51,0.0,0.0,34.88
727,03/10/2019 23:30,20.1,14.88,36.46,0.0,0.0,34.980000000000004
728,03/10/2019 23:30,20.1,14.88,36.46,0.0,0.0,34.980000000000004
729,03/10/2019 23:25,20.13,14.88,36.48,0.0,0.0,35.01
730,03/10/2019 23:25,20.13,14.88,36.48,0.0,0.0,35.01
731,03/10/2019 23:20,20.15,14.88,36.52,0.0,0.0,35.03
732,03/10/2019 23:20,20.15,14.88,36.52,0.0,0.0,35.03
733,03/10/2019 23:15,20.19,14.94,36.5,0.0,0.0,35.13
734,03/10/2019 23:15,20.19,14.94,36.5,0.0,0.0,35.13
735,03/10/2019 23:10,20.22,14.94,36.46,0.0,0.0,35.16
736,03/10/2019 23:10,20.22,14.94,36.46,0.0,0.0,35.16
737,03/10/2019 23:05,20.26,14.94,36.37,0.0,0.0,35.2
738,03/10/2019 23:05,20.26,14.94,36.37,0.0,0.0,35.2
739,03/10/2019 23:00,20.3,15.0,36.36,0.0,0.0,35.3
740,03/10/2019 23:00,20.3,15.0,36.36,0.0,0.0,35.3
741,03/10/2019 22:55,20.33,15.0,36.33,0.0,0.0,35.33
742,03/10/2019 22:55,20.33,15.0,36.33,0.0,0.0,35.33
743,03/10/2019 22:50,20.36,15.06,36.31,0.0,0.0,35.42
744,03/10/2019 22:50,20.36,15.06,36.31,0.0,0.0,35.42
745,03/10/2019 22:45,20.41,15.06,36.28,0.0,0.0,35.47
746,03/10/2019 22:45,20.41,15.06,36.28,0.0,0.0,35.47
747,03/10/2019 22:40,20.45,15.13,36.3,0.0,0.0,35.58
748,03/10/2019 22:40,20.45,15.13,36.3,0.0,0.0,35.58
749,03/10/2019 22:35,20.49,15.13,36.31,0.0,0.0,35.62
750,03/10/2019 22:35,20.49,15.13,36.31,0.0,0.0,35.62
751,03/10/2019 22:30,20.54,15.19,36.34,0.0,0.0,35.73
752,03/10/2019 22:30,20.54,15.19,36.34,0.0,0.0,35.73
753,03/10/2019 22:25,20.58,15.25,36.31,0.0,0.0,35.83
754,03/10/2019 22:25,20.58,15.25,36.31,0.0,0.0,35.83
755,03/10/2019 22:20,20.63,15.25,36.31,0.0,0.0,35.879999999999995
756,03/10/2019 22:20,20.63,15.25,36.31,0.0,0.0,35.879999999999995
757,03/10/2019 22:15,20.66,15.31,36.32,0.0,0.0,35.97
758,03/10/2019 22:15,20.66,15.31,36.32,0.0,0.0,35.97
759,03/10/2019 22:10,20.73,15.38,36.31,0.0,0.0,36.11
760,03/10/2019 22:10,20.73,15.38,36.31,0.0,0.0,36.11
761,03/10/2019 22:05,20.76,15.38,36.33,0.0,0.0,36.14
762,03/10/2019 22:05,20.76,15.38,36.33,0.0,0.0,36.14
763,03/10/2019 22:00,20.8,15.44,36.35,0.0,0.0,36.24
764,03/10/2019 22:00,20.8,15.44,36.35,0.0,0.0,36.24
765,03/10/2019 21:55,20.85,15.5,36.36,0.0,0.0,36.35
766,03/10/2019 21:55,20.85,15.5,36.36,0.0,0.0,36.35
767,03/10/2019 21:50,20.9,15.5,36.37,0.0,0.0,36.4
768,03/10/2019 21:50,20.9,15.5,36.37,0.0,0.0,36.4
769,03/10/2019 21:45,20.95,15.56,36.38,0.0,0.0,36.51
770,03/10/2019 21:45,20.95,15.56,36.38,0.0,0.0,36.51
771,03/10/2019 21:40,21.02,15.63,36.34,0.0,0.0,36.65
772,03/10/2019 21:40,21.02,15.63,36.34,0.0,0.0,36.65
773,03/10/2019 21:35,21.07,15.69,36.24,0.0,0.0,36.76
774,03/10/2019 21:35,21.07,15.69,36.24,0.0,0.0,36.76
775,03/10/2019 21:30,21.14,15.75,36.13,0.0,0.0,36.89
776,03/10/2019 21:30,21.14,15.75,36.13,0.0,0.0,36.89
777,03/10/2019 21:25,21.19,15.81,36.06,0.0,0.0,37.0
778,03/10/2019 21:25,21.19,15.81,36.06,0.0,0.0,37.0
779,03/10/2019 21:20,21.27,15.88,35.98,0.0,0.0,37.15
780,03/10/2019 21:20,21.27,15.88,35.98,0.0,0.0,37.15
781,03/10/2019 21:15,21.33,15.94,35.93,0.0,0.0,37.269999999999996
782,03/10/2019 21:15,21.33,15.94,35.93,0.0,0.0,37.269999999999996
783,03/10/2019 21:10,21.38,15.94,35.87,0.0,0.0,37.32
784,03/10/2019 21:10,21.38,15.94,35.87,0.0,0.0,37.32
785,03/10/2019 21:05,21.46,16.0,35.82,0.0,0.0,37.46
786,03/10/2019 21:05,21.46,16.0,35.82,0.0,0.0,37.46
787,03/10/2019 21:00,21.52,16.06,35.77,0.0,0.0,37.58
788,03/10/2019 21:00,21.52,16.06,35.77,0.0,0.0,37.58
789,03/10/2019 20:55,21.59,16.19,35.74,0.0,0.0,37.78
790,03/10/2019 20:55,21.59,16.19,35.74,0.0,0.0,37.78
791,03/10/2019 20:50,21.67,16.25,35.71,0.0,0.0,37.92
792,03/10/2019 20:50,21.67,16.25,35.71,0.0,0.0,37.92
793,03/10/2019 20:45,21.74,16.31,35.69,0.0,0.0,38.05
794,03/10/2019 20:45,21.74,16.31,35.69,0.0,0.0,38.05
795,03/10/2019 20:40,21.82,16.38,35.65,0.0,0.0,38.2
796,03/10/2019 20:40,21.82,16.38,35.65,0.0,0.0,38.2
797,03/10/2019 20:35,21.9,16.44,35.57,0.0,0.0,38.34
798,03/10/2019 20:35,21.9,16.44,35.57,0.0,0.0,38.34
799,03/10/2019 20:30,21.97,16.5,35.49,0.0,0.0,38.47
800,03/10/2019 20:30,21.97,16.5,35.49,0.0,0.0,38.47
801,03/10/2019 20:25,22.07,16.56,35.41,0.0,0.0,38.629999999999995
802,03/10/2019 20:25,22.07,16.56,35.41,0.0,0.0,38.629999999999995
803,03/10/2019 20:20,22.16,16.69,35.34,0.0,0.0,38.85
804,03/10/2019 20:20,22.16,16.69,35.34,0.0,0.0,38.85
805,03/10/2019 20:15,22.24,16.81,35.24,0.0,0.0,39.05
806,03/10/2019 20:15,22.24,16.81,35.24,0.0,0.0,39.05
807,03/10/2019 20:10,22.35,16.88,35.12,0.0,0.0,39.230000000000004
808,03/10/2019 20:10,22.35,16.88,35.12,0.0,0.0,39.230000000000004
809,03/10/2019 20:05,22.43,17.0,35.04,0.0,0.0,39.43
810,03/10/2019 20:05,22.43,17.0,35.04,0.0,0.0,39.43
811,03/10/2019 20:00,22.54,17.06,34.99,0.0,0.0,39.599999999999994
812,03/10/2019 20:00,22.54,17.06,34.99,0.0,0.0,39.599999999999994
813,03/10/2019 19:55,22.64,17.19,34.92,0.0,0.0,39.83
814,03/10/2019 19:55,22.64,17.19,34.92,0.0,0.0,39.83
815,03/10/2019 19:50,22.76,17.25,34.85,0.0,0.0,40.010000000000005
816,03/10/2019 19:50,22.76,17.25,34.85,0.0,0.0,40.010000000000005
817,03/10/2019 19:45,22.85,17.38,34.77,0.0,0.0,40.230000000000004
818,03/10/2019 19:45,22.85,17.38,34.77,0.0,0.0,40.230000000000004
819,03/10/2019 19:40,22.97,17.5,34.73,0.0,0.0,40.47
820,03/10/2019 19:40,22.97,17.5,34.73,0.0,0.0,40.47
821,03/10/2019 19:35,23.1,17.56,34.65,0.0,0.0,40.66
822,03/10/2019 19:35,23.1,17.56,34.65,0.0,0.0,40.66
823,03/10/2019 19:30,23.2,17.69,34.62,0.0,0.0,40.89
824,03/10/2019 19:30,23.2,17.69,34.62,0.0,0.0,40.89
825,03/10/2019 19:25,23.34,17.81,34.57,0.0,0.0,41.15
826,03/10/2019 19:25,23.34,17.81,34.57,0.0,0.0,41.15
827,03/10/2019 19:20,23.46,17.94,34.52,0.0,0.0,41.400000000000006
828,03/10/2019 19:20,23.46,17.94,34.52,0.0,0.0,41.400000000000006
829,03/10/2019 19:15,23.58,18.06,34.48,0.0,0.0,41.64
830,03/10/2019 19:15,23.58,18.06,34.48,0.0,0.0,41.64
831,03/10/2019 19:10,23.73,18.13,34.43,0.0,0.0,41.86
832,03/10/2019 19:10,23.73,18.13,34.43,0.0,0.0,41.86
833,03/10/2019 19:05,23.88,18.31,34.38,0.0,0.0,42.19
834,03/10/2019 19:05,23.88,18.31,34.38,0.0,0.0,42.19
835,03/10/2019 19:00,24.03,18.44,34.37,0.0,0.28,42.47
836,03/10/2019 19:00,24.03,18.44,34.37,0.0,0.28,42.47
837,03/10/2019 18:55,24.18,18.56,34.33,0.0,0.0,42.739999999999995
838,03/10/2019 18:55,24.18,18.56,34.33,0.0,0.0,42.739999999999995
839,03/10/2019 18:50,24.33,18.75,34.32,0.0,0.0,43.08
840,03/10/2019 18:50,24.33,18.75,34.32,0.0,0.0,43.08
841,03/10/2019 18:45,24.5,18.88,34.33,0.0,0.0,43.379999999999995
842,03/10/2019 18:45,24.5,18.88,34.33,0.0,0.0,43.379999999999995
843,03/10/2019 18:40,24.66,19.06,34.33,0.0,0.0,43.72
844,03/10/2019 18:40,24.66,19.06,34.33,0.0,0.0,43.72
845,03/10/2019 18:35,24.84,19.19,34.35,0.0,0.0,44.03
846,03/10/2019 18:35,24.84,19.19,34.35,0.0,0.0,44.03
847,03/10/2019 18:30,25.04,19.38,34.37,0.0,0.0,44.42
848,03/10/2019 18:30,25.04,19.38,34.37,0.0,0.0,44.42
849,03/10/2019 18:25,25.22,19.56,34.38,0.0,0.0,44.78
850,03/10/2019 18:25,25.22,19.56,34.38,0.0,0.0,44.78
851,03/10/2019 18:20,25.42,19.75,34.38,0.0,0.0,45.17
852,03/10/2019 18:20,25.42,19.75,34.38,0.0,0.0,45.17
853,03/10/2019 18:15,25.61,19.94,34.33,0.0,0.0,45.55
854,03/10/2019 18:15,25.61,19.94,34.33,0.0,0.0,45.55
855,03/10/2019 18:10,25.82,20.06,34.32,0.0,0.0,45.879999999999995
856,03/10/2019 18:10,25.82,20.06,34.32,0.0,0.0,45.879999999999995
857,03/10/2019 18:05,26.04,20.25,34.25,0.0,0.0,46.29
858,03/10/2019 18:05,26.04,20.25,34.25,0.0,0.0,46.29
859,03/10/2019 18:00,26.27,20.44,34.24,0.0,0.0,46.71
860,03/10/2019 18:00,26.27,20.44,34.24,0.0,0.0,46.71
861,03/10/2019 17:55,26.51,20.63,34.21,0.0,0.0,47.14
862,03/10/2019 17:55,26.51,20.63,34.21,0.0,0.0,47.14
863,03/10/2019 17:50,26.73,20.88,34.12,0.0,0.0,47.61
864,03/10/2019 17:50,26.73,20.88,34.12,0.0,0.0,47.61
865,03/10/2019 17:45,27.0,21.06,34.15,0.0,0.0,48.06
866,03/10/2019 17:45,27.0,21.06,34.15,0.0,0.0,48.06
867,03/10/2019 17:40,27.26,21.31,34.0,0.0,0.0,48.57
868,03/10/2019 17:40,27.26,21.31,34.0,0.0,0.0,48.57
869,03/10/2019 17:35,27.52,21.56,34.16,0.0,0.0,49.08
870,03/10/2019 17:35,27.52,21.56,34.16,0.0,0.0,49.08
871,03/10/2019 17:30,27.81,21.81,34.28,0.0,0.0,49.62
872,03/10/2019 17:30,27.81,21.81,34.28,0.0,0.0,49.62
873,03/10/2019 17:25,28.06,22.13,34.35,0.0,0.0,50.19
874,03/10/2019 17:25,28.06,22.13,34.35,0.0,0.0,50.19
875,03/10/2019 17:20,28.3,22.25,34.91,0.0,0.0,50.55
876,03/10/2019 17:20,28.3,22.25,34.91,0.0,0.0,50.55
877,03/10/2019 17:15,28.52,22.44,34.17,0.0,0.0,50.96
878,03/10/2019 17:15,28.52,22.44,34.17,0.0,0.0,50.96
879,03/10/2019 17:10,28.76,22.63,33.25,0.0,0.0,51.39
880,03/10/2019 17:10,28.76,22.63,33.25,0.0,0.0,51.39
881,03/10/2019 17:05,29.11,22.88,31.64,0.0,0.0,51.989999999999995
882,03/10/2019 17:05,29.11,22.88,31.64,0.0,0.0,51.989999999999995
883,03/10/2019 17:00,29.56,23.19,30.42,0.0,0.0,52.75
884,03/10/2019 17:00,29.56,23.19,30.42,0.0,0.0,52.75
885,03/10/2019 16:55,30.05,23.94,30.28,0.19,0.0,53.99
886,03/10/2019 16:55,30.05,23.94,30.28,0.19,0.0,53.99
887,03/10/2019 16:50,30.04,24.69,31.35,0.0,0.0,54.730000000000004
888,03/10/2019 16:50,30.04,24.69,31.35,0.0,0.0,54.730000000000004
889,03/10/2019 16:45,29.96,24.5,31.28,0.0,0.0,54.46
890,03/10/2019 16:45,29.96,24.5,31.28,0.0,0.0,54.46
891,03/10/2019 16:40,29.89,24.38,31.19,0.0,0.0,54.269999999999996
892,03/10/2019 16:40,29.89,24.38,31.19,0.0,0.0,54.269999999999996
893,03/10/2019 16:35,29.79,24.44,31.18,0.0,0.0,54.230000000000004
894,03/10/2019 16:35,29.79,24.44,31.18,0.0,0.0,54.230000000000004
895,03/10/2019 16:30,29.72,24.31,30.99,0.0,0.0,54.03
896,03/10/2019 16:30,29.72,24.31,30.99,0.0,0.0,54.03
897,03/10/2019 16:25,29.66,24.0,30.58,0.0,0.0,53.66
898,03/10/2019 16:25,29.66,24.0,30.58,0.0,0.0,53.66
899,03/10/2019 16:20,29.71,24.06,30.81,0.0,0.0,53.769999999999996
900,03/10/2019 16:20,29.71,24.06,30.81,0.0,0.0,53.769999999999996
901,03/10/2019 16:15,29.68,24.06,31.13,0.0,0.0,53.739999999999995
902,03/10/2019 16:15,29.68,24.06,31.13,0.0,0.0,53.739999999999995
903,03/10/2019 16:10,29.66,24.13,31.08,0.0,0.0,53.79
904,03/10/2019 16:10,29.66,24.13,31.08,0.0,0.0,53.79
905,03/10/2019 16:05,29.64,24.19,31.17,0.0,0.0,53.83
906,03/10/2019 16:05,29.64,24.19,31.17,0.0,0.0,53.83
907,03/10/2019 16:00,29.61,24.31,31.77,0.0,0.0,53.92
908,03/10/2019 16:00,29.61,24.31,31.77,0.0,0.0,53.92
909,03/10/2019 15:55,29.53,24.44,32.02,0.0,0.0,53.97
910,03/10/2019 15:55,29.53,24.44,32.02,0.0,0.0,53.97
911,03/10/2019 15:50,29.42,24.38,32.28,0.0,0.0,53.8
912,03/10/2019 15:50,29.42,24.38,32.28,0.0,0.0,53.8
913,03/10/2019 15:45,29.27,24.25,32.32,0.0,0.0,53.519999999999996
914,03/10/2019 15:45,29.27,24.25,32.32,0.0,0.0,53.519999999999996
915,03/10/2019 15:40,29.18,23.69,32.16,0.0,0.0,52.870000000000005
916,03/10/2019 15:40,29.18,23.69,32.16,0.0,0.0,52.870000000000005
917,03/10/2019 15:35,29.18,23.69,32.13,0.0,0.28,52.870000000000005
918,03/10/2019 15:35,29.18,23.69,32.13,0.0,0.28,52.870000000000005
919,03/10/2019 15:30,29.19,23.69,32.1,0.0,0.0,52.88
920,03/10/2019 15:30,29.19,23.69,32.1,0.0,0.0,52.88
921,03/10/2019 15:25,29.2,23.69,32.06,0.0,0.0,52.89
922,03/10/2019 15:25,29.2,23.69,32.06,0.0,0.0,52.89
923,03/10/2019 15:20,29.19,23.69,32.17,0.0,0.0,52.88
924,03/10/2019 15:20,29.19,23.69,32.17,0.0,0.0,52.88
925,03/10/2019 15:15,29.19,23.69,32.08,0.0,0.0,52.88
926,03/10/2019 15:15,29.19,23.69,32.08,0.0,0.0,52.88
927,03/10/2019 15:10,29.17,23.75,32.12,0.0,0.0,52.92
928,03/10/2019 15:10,29.17,23.75,32.12,0.0,0.0,52.92
929,03/10/2019 15:05,29.14,23.69,32.17,0.0,0.0,52.83
930,03/10/2019 15:05,29.14,23.69,32.17,0.0,0.0,52.83
931,03/10/2019 15:00,29.11,23.56,32.4,0.0,0.0,52.67
932,03/10/2019 15:00,29.11,23.56,32.4,0.0,0.0,52.67
933,03/10/2019 14:55,29.05,23.5,32.52,0.0,0.0,52.55
934,03/10/2019 14:55,29.05,23.5,32.52,0.0,0.0,52.55
935,03/10/2019 14:50,29.01,23.25,32.18,0.0,0.0,52.260000000000005
936,03/10/2019 14:50,29.01,23.25,32.18,0.0,0.0,52.260000000000005
937,03/10/2019 14:45,29.01,23.25,31.73,0.0,0.0,52.260000000000005
938,03/10/2019 14:45,29.01,23.25,31.73,0.0,0.0,52.260000000000005
939,03/10/2019 14:40,29.02,23.75,31.62,0.02,0.0,52.769999999999996
940,03/10/2019 14:40,29.02,23.75,31.62,0.02,0.0,52.769999999999996
941,03/10/2019 14:35,29.02,24.19,31.57,0.0,0.0,53.21
942,03/10/2019 14:35,29.02,24.19,31.57,0.0,0.0,53.21
943,03/10/2019 14:30,29.05,24.31,31.56,0.0,0.0,53.36
944,03/10/2019 14:30,29.05,24.31,31.56,0.0,0.0,53.36
945,03/10/2019 14:25,29.07,24.44,31.62,0.0,0.0,53.510000000000005
946,03/10/2019 14:25,29.07,24.44,31.62,0.0,0.0,53.510000000000005
947,03/10/2019 14:20,29.03,24.5,31.71,0.0,0.0,53.53
948,03/10/2019 14:20,29.03,24.5,31.71,0.0,0.0,53.53
949,03/10/2019 14:15,29.0,24.38,31.76,0.0,0.0,53.379999999999995
950,03/10/2019 14:15,29.0,24.38,31.76,0.0,0.0,53.379999999999995
951,03/10/2019 14:10,28.93,24.44,32.17,0.0,0.0,53.370000000000005
952,03/10/2019 14:10,28.93,24.44,32.17,0.0,0.0,53.370000000000005
953,03/10/2019 14:05,28.85,24.56,32.55,0.0,0.0,53.41
954,03/10/2019 14:05,28.85,24.56,32.55,0.0,0.0,53.41
955,03/10/2019 14:00,28.72,24.63,32.88,0.0,0.0,53.349999999999994
956,03/10/2019 14:00,28.72,24.63,32.88,0.0,0.0,53.349999999999994
957,03/10/2019 13:55,28.53,24.88,32.89,0.0,0.0,53.41
958,03/10/2019 13:55,28.53,24.88,32.89,0.0,0.0,53.41
959,03/10/2019 13:50,28.28,25.06,33.26,0.02,0.0,53.34
960,03/10/2019 13:50,28.28,25.06,33.26,0.02,0.0,53.34
961,03/10/2019 13:45,28.11,26.13,32.72,0.01,0.0,54.239999999999995
962,03/10/2019 13:45,28.11,26.13,32.72,0.01,0.0,54.239999999999995
963,03/10/2019 13:40,28.03,22.69,33.05,0.0,0.0,50.72
964,03/10/2019 13:40,28.03,22.69,33.05,0.0,0.0,50.72
965,03/10/2019 13:35,27.94,22.69,33.75,0.0,0.0,50.63
966,03/10/2019 13:35,27.94,22.69,33.75,0.0,0.0,50.63
967,03/10/2019 13:30,27.75,22.5,34.38,0.56,0.0,50.25
968,03/10/2019 13:30,27.75,22.5,34.38,0.56,0.0,50.25
969,03/10/2019 13:26,27.59,22.38,34.37,2.01,0.0,49.97
970,03/10/2019 13:26,27.59,22.38,34.37,2.01,0.0,49.97
971,03/10/2019 13:25,27.51,22.31,34.35,0.0,0.0,49.82
972,03/10/2019 13:25,27.51,22.31,34.35,0.0,0.0,49.82
973,03/10/2019 13:20,27.23,22.13,34.62,0.0,0.0,49.36
974,03/10/2019 13:20,27.23,22.13,34.62,0.0,0.0,49.36
975,03/10/2019 13:18,27.12,22.06,34.43,0.0,0.0,49.18
976,03/10/2019 13:18,27.12,22.06,34.43,0.0,0.0,49.18
977,03/10/2019 13:15,26.91,21.94,34.23,0.0,0.0,48.85
978,03/10/2019 13:15,26.91,21.94,34.23,0.0,0.0,48.85
979,03/10/2019 13:15,26.91,21.94,34.23,0.0,0.0,48.85
980,03/10/2019 13:15,26.91,21.94,34.23,0.0,0.0,48.85
981,03/10/2019 13:15,26.91,21.94,34.23,0.0,0.0,48.85
982,03/10/2019 13:15,26.91,21.94,34.23,0.0,0.0,48.85
983,03/10/2019 13:15,26.91,21.94,34.23,0.0,0.0,48.85
984,03/10/2019 13:15,26.91,21.94,34.23,0.0,0.0,48.85
985,03/10/2019 13:15,26.91,21.94,34.23,0.0,0.0,48.85
986,03/10/2019 13:15,26.91,21.94,34.23,0.0,0.0,48.85
987,03/10/2019 13:15,26.91,21.94,34.23,0.0,0.0,48.85
988,03/10/2019 13:15,26.91,21.94,34.23,0.0,0.0,48.85
989,03/10/2019 13:15,26.91,21.94,34.23,0.0,0.0,48.85
990,03/10/2019 13:15,26.91,21.94,34.23,0.0,0.0,48.85
991,03/10/2019 13:15,26.91,21.94,34.23,0.0,0.0,48.85
992,03/10/2019 13:15,26.91,21.94,34.23,0.0,0.0,48.85
993,03/10/2019 13:15,26.91,21.94,34.23,0.0,0.0,48.85
994,03/10/2019 13:15,26.91,21.94,34.23,0.0,0.0,48.85
995,03/10/2019 13:15,26.91,21.94,34.23,0.0,0.0,48.85
996,03/10/2019 13:15,26.91,21.94,34.23,0.0,0.0,48.85
997,03/10/2019 13:15,26.91,21.94,34.23,0.0,0.0,48.85
998,03/10/2019 13:15,26.91,21.94,34.23,0.0,0.0,48.85
